﻿Task name,Status,Assignee,Due,Priority,Summary
Створення продуктового беклогу,Done,Савосин Евгений,"December 18, 2023",Low,Виконано
Створення моєї команди,Done,Савосин Евгений,"December 20, 2023",Low,Я буду один
"Розробка ідеї проекту ",Done,Савосин Евгений,"December 20, 2023",High,Мій проект це гра мафія
Розписати проектний план,In progress,Савосин Евгений,"December 26, 2023",Medium,
Розписати проект по таблицям,Not started,Савосин Евгений,"December 31, 2023",Medium,
Знайти потрібну мову програмування,Done,Савосин Евгений,"January 10, 2024",High,
Знайти потрібні доповнення,In progress,,,,