﻿Task name,Status,Assignee,Due,Priority,Summary,Tags,Project,Parent-task,Sub-tasks
Створення продуктового беклогу,Done,Савосин Евгений,"December 18, 2023",Low,Виконано,,Getting started with Projects & Tasks (https://www.notion.so/Getting-started-with-Projects-Tasks-90cb16d9fc304c3888ab2cec07a150b0?pvs=21),,
Створення моєї команди,Done,Савосин Евгений,"December 20, 2023",Low,Я буду один,,Getting started with Projects & Tasks (https://www.notion.so/Getting-started-with-Projects-Tasks-90cb16d9fc304c3888ab2cec07a150b0?pvs=21),,
"Розробка ідеї проекту ",Done,Савосин Евгений,"December 20, 2023",High,Мій проект це гра мафія,,Getting started with Projects & Tasks (https://www.notion.so/Getting-started-with-Projects-Tasks-90cb16d9fc304c3888ab2cec07a150b0?pvs=21),,
Розписати проектний план,In progress,Савосин Евгений,"December 26, 2023",Medium,,,Getting started with Projects & Tasks (https://www.notion.so/Getting-started-with-Projects-Tasks-90cb16d9fc304c3888ab2cec07a150b0?pvs=21),,
Розписати проект по таблицям,Not started,Савосин Евгений,"December 31, 2023",Medium,,,Getting started with Projects & Tasks (https://www.notion.so/Getting-started-with-Projects-Tasks-90cb16d9fc304c3888ab2cec07a150b0?pvs=21),,
Знайти потрібну мову програмування,Done,Савосин Евгений,"January 10, 2024",High,,,Getting started with Projects & Tasks (https://www.notion.so/Getting-started-with-Projects-Tasks-90cb16d9fc304c3888ab2cec07a150b0?pvs=21),,
Знайти потрібні доповнення,In progress,,,,,,Getting started with Projects & Tasks (https://www.notion.so/Getting-started-with-Projects-Tasks-90cb16d9fc304c3888ab2cec07a150b0?pvs=21),,